{
  "a": {
    "name": "pod room",
    "grid": {
      "size": [20,20],
      "walkable": []
    },
    "zones": [
      {
        "camera": {
          "pos": {
              "x": 4.1380077793149175,
              "y": 1.071422043312083,
              "z": 2.356278941700604
          },
          "rot": {
              "isEuler": true,
              "_x": -0.011528437467004634,
              "_y": 0.8847307469738368,
              "_z": 0.00892022302932174,
              "_order": "XYZ"
          }
        }
      }
    ]
  },
  "b": {
    "name": "pod room exit",
    "zones": [
      {},
      {}
    ]
  }
}